{
  "sg_v": 91,
  "sg_a": 51,
  "sg_as": 21,
  "sg_vp": 161,
  "lag_a": 30,
  "fc_slow": 0.025,
  "alpha": 3.0,
  "meanCV": 0.9679085652321421,
  "meanTest": 0.9509056869352689,
  "worstTest": 0.9193585527869031
}