{
  "snr_load": [
    2.92,
    5.53,
    11.27,
    3.44,
    5.01,
    8.35,
    2.82,
    3.72,
    5.09
  ],
  "snr_cur": [
    3.41,
    6.9,
    15.57,
    3.96,
    6.72,
    12.67,
    2.45,
    3.63,
    6.01
  ],
  "snr_fused": [
    3.89,
    7.84,
    17.04,
    4.5,
    7.24,
    13.1,
    3.31,
    4.68,
    7.14
  ],
  "mean_snr": {
    "load": 5.349999999999999,
    "cur": 6.8133333333333335,
    "fused": 7.637777777777777
  },
  "fused_vs_load_pct": 37.98419408492097,
  "verdict": "B_usable",
  "cur_meanTest_R2": 0.764,
  "baseline21_R2": 0.106
}