{
  "prior_sha256": "bc9c7b560d96adb8fd87dc4c4c5ab7bf2c3885052ac630355468d294b5224b60",
  "prior_frozen": "2026-06-14T07:58:59Z",
  "verdicts": {
    "sin_q2": true,
    "cos_c3": true,
    "cos_c4": true,
    "aL": true,
    "vL": true,
    "tanh_vP": true,
    "coul_sin_c3": true
  },
  "final_grade": {
    "vL": "physics + data-confirmed",
    "cos_c3": "physics + data-confirmed",
    "tanh_vP": "physics + data-confirmed",
    "aL": "physics + data-confirmed",
    "sin_q2": "physics + data-confirmed",
    "lag_vL_a": "empirical (mechanism unverified)",
    "lag_aL_a": "empirical (mechanism unverified)",
    "cos_c4": "physics + data-confirmed",
    "coul_sin_c3": "physics(weak) + data-confirmed",
    "adiff": "empirical (mechanism unverified)"
  },
  "coeff_raw": {
    "vL": {
      "2": -134.34895137001686,
      "3": -177.5650951983634,
      "4": -234.32626930593338
    },
    "cos_c3": {
      "2": 60.85490442953631,
      "3": 67.9141267647507,
      "4": 1.7646853584485165
    },
    "tanh_vP": {
      "2": -65.28160318366274,
      "3": -51.40634040899271,
      "4": -26.955570879835268
    },
    "aL": {
      "2": -12.30419180674792,
      "3": -7.151240478739486,
      "4": -2.3580075143897967
    },
    "sin_q2": {
      "2": 71.70377917655462,
      "3": 2.6273766966636782,
      "4": -0.8912594514156628
    },
    "lag_vL_a": {
      "2": -48.57323105233734,
      "3": 2.837031884109464,
      "4": 48.718093861291905
    },
    "lag_aL_a": {
      "2": 1.5238091486431204,
      "3": 2.466860062394117,
      "4": 3.1228991474411676
    },
    "cos_c4": {
      "2": 29.178351307791658,
      "3": 22.624475589709547,
      "4": 21.663309146186375
    },
    "coul_sin_c3": {
      "2": -23.24871688789311,
      "3": -14.21879944976385,
      "4": -1.9058695150247125
    },
    "adiff": {
      "2": -3.4444749379612376,
      "3": -4.255988248379635,
      "4": -3.8338259390246954
    }
  },
  "contrib": {
    "vL": {
      "2": 0.35934616184207585,
      "3": 0.5666123970292367,
      "4": 0.9163583287137388
    },
    "cos_c3": {
      "2": 0.13619973492009507,
      "3": 0.1800551949738682,
      "4": 0.005753849990968893
    },
    "tanh_vP": {
      "2": 0.48768312510342254,
      "3": 0.4646881536511489,
      "4": 0.3020580849589593
    },
    "aL": {
      "2": 0.16680295843929277,
      "3": 0.09881150720071578,
      "4": 0.03842816576666448
    },
    "sin_q2": {
      "2": 0.26216477492331997,
      "3": 0.01137940340975986,
      "4": 0.004747303703192042
    },
    "lag_vL_a": {
      "2": 0.12991991354553412,
      "3": 0.00905300352781665,
      "4": 0.19051739781922136
    },
    "lag_aL_a": {
      "2": 0.02065766513418104,
      "3": 0.03408557739640995,
      "4": 0.0508935130096478
    },
    "cos_c4": {
      "2": 0.10889205855323802,
      "3": 0.10001815483913366,
      "4": 0.11777980519514539
    },
    "coul_sin_c3": {
      "2": 0.07862429873034782,
      "3": 0.05835720099727111,
      "4": 0.009639583217811892
    },
    "adiff": {
      "2": 0.056017200825874906,
      "3": 0.10383369174429342,
      "4": 0.08177252251233082
    }
  }
}